ANO;MÊS;PRODUTO;OPERAÇÃO COMERCIAL;IMPORTADO / EXPORTADO;DISPÊNDIO / RECEITA
2000;ABR;PETRÓLEO;EXPORTAÇÃO;0;0
2000;AGO;PETRÓLEO;EXPORTAÇÃO;0;0
2000;DEZ;PETRÓLEO;EXPORTAÇÃO;419950,4202;59930153
2000;FEV;PETRÓLEO;EXPORTAÇÃO;0,068537786;51
2000;JAN;PETRÓLEO;EXPORTAÇÃO;0;0
2000;JUL;PETRÓLEO;EXPORTAÇÃO;352685,9778;50862353
2000;JUN;PETRÓLEO;EXPORTAÇÃO;66231,37008;8830391
2000;MAI;PETRÓLEO;EXPORTAÇÃO;0;0
2000;MAR;PETRÓLEO;EXPORTAÇÃO;0;0
2000;NOV;PETRÓLEO;EXPORTAÇÃO;245182,6802;38934539
2000;OUT;PETRÓLEO;EXPORTAÇÃO;0;0
2000;SET;PETRÓLEO;EXPORTAÇÃO;28,08925642;27486
2000;ABR;PETRÓLEO;IMPORTAÇÃO;1717433,541;323484334
2000;AGO;PETRÓLEO;IMPORTAÇÃO;2753271,691;519766652
2000;DEZ;PETRÓLEO;IMPORTAÇÃO;1486358,89;300427821
2000;FEV;PETRÓLEO;IMPORTAÇÃO;1837306,432;322272219
2000;JAN;PETRÓLEO;IMPORTAÇÃO;1290550,568;217681804
2000;JUL;PETRÓLEO;IMPORTAÇÃO;1939384,258;375438416
2000;JUN;PETRÓLEO;IMPORTAÇÃO;2483588,63;450747845
2000;MAI;PETRÓLEO;IMPORTAÇÃO;2159317,299;341558361
2000;MAR;PETRÓLEO;IMPORTAÇÃO;2119427,893;397505540
2000;NOV;PETRÓLEO;IMPORTAÇÃO;1474147,784;295353034
2000;OUT;PETRÓLEO;IMPORTAÇÃO;1699983,718;354696297
2000;SET;PETRÓLEO;IMPORTAÇÃO;2140166,66;406683061
2001;ABR;PETRÓLEO;EXPORTAÇÃO;748724,3163;79974562
2001;AGO;PETRÓLEO;EXPORTAÇÃO;391767,5872;47229478
2001;DEZ;PETRÓLEO;EXPORTAÇÃO;1057664,932;88828204
2001;FEV;PETRÓLEO;EXPORTAÇÃO;738842,4541;85843872
2001;JAN;PETRÓLEO;EXPORTAÇÃO;482738,5317;66156287
2001;JUL;PETRÓLEO;EXPORTAÇÃO;616281,9161;74907022
2001;JUN;PETRÓLEO;EXPORTAÇÃO;706233,0049;87475491
2001;MAI;PETRÓLEO;EXPORTAÇÃO;741129,7937;75495898
2001;MAR;PETRÓLEO;EXPORTAÇÃO;62826,26458;8562194
2001;NOV;PETRÓLEO;EXPORTAÇÃO;279997,0439;35941686
2001;OUT;PETRÓLEO;EXPORTAÇÃO;393100,3674;45721755
2001;SET;PETRÓLEO;EXPORTAÇÃO;209173,6961;24735018
2001;ABR;PETRÓLEO;IMPORTAÇÃO;1419867,271;222246150
2001;AGO;PETRÓLEO;IMPORTAÇÃO;2583800,741;423977588
2001;DEZ;PETRÓLEO;IMPORTAÇÃO;2080112,922;262431101
2001;FEV;PETRÓLEO;IMPORTAÇÃO;1618981,199;285981303
2001;JAN;PETRÓLEO;IMPORTAÇÃO;2081777,052;353225516
2001;JUL;PETRÓLEO;IMPORTAÇÃO;1884416,415;340138400
2001;JUN;PETRÓLEO;IMPORTAÇÃO;2671940,565;463816936
2001;MAI;PETRÓLEO;IMPORTAÇÃO;1644812,38;284745212
2001;MAR;PETRÓLEO;IMPORTAÇÃO;1827976,918;337866181
2001;NOV;PETRÓLEO;IMPORTAÇÃO;1893801,902;256319394
2001;OUT;PETRÓLEO;IMPORTAÇÃO;2656514,357;448425287
2001;SET;PETRÓLEO;IMPORTAÇÃO;1830965,243;290462798
2002;ABR;PETRÓLEO;EXPORTAÇÃO;1013538,099;116807682
2002;AGO;PETRÓLEO;EXPORTAÇÃO;1274312,249;166749234
2002;DEZ;PETRÓLEO;EXPORTAÇÃO;1423077,514;175203918
2002;FEV;PETRÓLEO;EXPORTAÇÃO;547210,5245;45354146
2002;JAN;PETRÓLEO;EXPORTAÇÃO;552396,8787;43039514
2002;JUL;PETRÓLEO;EXPORTAÇÃO;2541184,281;318458938
2002;JUN;PETRÓLEO;EXPORTAÇÃO;395299,2798;53591019
2002;MAI;PETRÓLEO;EXPORTAÇÃO;1099351,913;141431989
2002;MAR;PETRÓLEO;EXPORTAÇÃO;1203002,721;110677852
2002;NOV;PETRÓLEO;EXPORTAÇÃO;824641,0317;116558589
2002;OUT;PETRÓLEO;EXPORTAÇÃO;1603306,24;238460316
2002;SET;PETRÓLEO;EXPORTAÇÃO;1157500,411;165038539
2002;ABR;PETRÓLEO;IMPORTAÇÃO;2143573,429;326273424
2002;AGO;PETRÓLEO;IMPORTAÇÃO;1298684,651;219213839
2002;DEZ;PETRÓLEO;IMPORTAÇÃO;2076271,419;337439925
2002;FEV;PETRÓLEO;IMPORTAÇÃO;1803683,437;210621960
2002;JAN;PETRÓLEO;IMPORTAÇÃO;1565295,797;162625385
2002;JUL;PETRÓLEO;IMPORTAÇÃO;1751512,486;277326035
2002;JUN;PETRÓLEO;IMPORTAÇÃO;1267709,797;205576218
2002;MAI;PETRÓLEO;IMPORTAÇÃO;2427338,768;404465186
2002;MAR;PETRÓLEO;IMPORTAÇÃO;1748130,4;219831794
2002;NOV;PETRÓLEO;IMPORTAÇÃO;1916068,948;354366611
2002;OUT;PETRÓLEO;IMPORTAÇÃO;1995041,361;355854191
2002;SET;PETRÓLEO;IMPORTAÇÃO;2062286,515;344407372
2003;ABR;PETRÓLEO;EXPORTAÇÃO;714792,9165;104745062
2003;AGO;PETRÓLEO;EXPORTAÇÃO;763285,7451;113010231
2003;DEZ;PETRÓLEO;EXPORTAÇÃO;1737941,278;268933182
2003;FEV;PETRÓLEO;EXPORTAÇÃO;1740856,466;273683107
2003;JAN;PETRÓLEO;EXPORTAÇÃO;852918,4115;122667487
2003;JUL;PETRÓLEO;EXPORTAÇÃO;1059870,356;153018416
2003;JUN;PETRÓLEO;EXPORTAÇÃO;971146,2535;122826413
2003;MAI;PETRÓLEO;EXPORTAÇÃO;933414,7935;112243387
2003;MAR;PETRÓLEO;EXPORTAÇÃO;1335292,445;252928793
2003;NOV;PETRÓLEO;EXPORTAÇÃO;1127795,972;175959350
2003;OUT;PETRÓLEO;EXPORTAÇÃO;1409557,719;205555410
2003;SET;PETRÓLEO;EXPORTAÇÃO;1383157,46;216359485
2003;ABR;PETRÓLEO;IMPORTAÇÃO;2031223,262;400320942
2003;AGO;PETRÓLEO;IMPORTAÇÃO;1694618,881;326008332
2003;DEZ;PETRÓLEO;IMPORTAÇÃO;1031195,629;201563567
2003;FEV;PETRÓLEO;IMPORTAÇÃO;1744121,865;360626059
2003;JAN;PETRÓLEO;IMPORTAÇÃO;1624323,947;317694036
2003;JUL;PETRÓLEO;IMPORTAÇÃO;1399148,713;261244558
2003;JUN;PETRÓLEO;IMPORTAÇÃO;1520770,929;247080158
2003;MAI;PETRÓLEO;IMPORTAÇÃO;955600,0199;167194269
2003;MAR;PETRÓLEO;IMPORTAÇÃO;1495444,799;328897815
2003;NOV;PETRÓLEO;IMPORTAÇÃO;1998672,417;372356545
2003;OUT;PETRÓLEO;IMPORTAÇÃO;2377848,244;444151123
2003;SET;PETRÓLEO;IMPORTAÇÃO;2085511,374;392975513
2004;ABR;PETRÓLEO;EXPORTAÇÃO;426625,2612;76173983
2004;AGO;PETRÓLEO;EXPORTAÇÃO;1658509,767;321934004
2004;DEZ;PETRÓLEO;EXPORTAÇÃO;962787,6749;221454284
2004;FEV;PETRÓLEO;EXPORTAÇÃO;1230354,491;200683383
2004;JAN;PETRÓLEO;EXPORTAÇÃO;1457948,641;229737858
2004;JUL;PETRÓLEO;EXPORTAÇÃO;1221364,846;231719816
2004;JUN;PETRÓLEO;EXPORTAÇÃO;1517559,775;295307681
2004;MAI;PETRÓLEO;EXPORTAÇÃO;1321002,169;231603147
2004;MAR;PETRÓLEO;EXPORTAÇÃO;1572330,514;256672821
2004;NOV;PETRÓLEO;EXPORTAÇÃO;810457,8119;192455031
2004;OUT;PETRÓLEO;EXPORTAÇÃO;907741,625;199131186
2004;SET;PETRÓLEO;EXPORTAÇÃO;308239,5528;70818158
2004;ABR;PETRÓLEO;IMPORTAÇÃO;2737462,495;623242349
2004;AGO;PETRÓLEO;IMPORTAÇÃO;2320349,114;616693956
2004;DEZ;PETRÓLEO;IMPORTAÇÃO;2184204,974;649525220
2004;FEV;PETRÓLEO;IMPORTAÇÃO;1429719,145;302317061
2004;JAN;PETRÓLEO;IMPORTAÇÃO;2161977,096;444599401
2004;JUL;PETRÓLEO;IMPORTAÇÃO;2545173,651;615900908
2004;JUN;PETRÓLEO;IMPORTAÇÃO;2491229,817;634790720
2004;MAI;PETRÓLEO;IMPORTAÇÃO;3050293,559;696658122
2004;MAR;PETRÓLEO;IMPORTAÇÃO;2095855,36;448591851
2004;NOV;PETRÓLEO;IMPORTAÇÃO;1849598,9;561849014
2004;OUT;PETRÓLEO;IMPORTAÇÃO;2180677,925;640174859
2004;SET;PETRÓLEO;IMPORTAÇÃO;1866060,676;509211552
2005;ABR;PETRÓLEO;EXPORTAÇÃO;1149399,499;290641403
2005;AGO;PETRÓLEO;EXPORTAÇÃO;2193930,705;636207175
2005;DEZ;PETRÓLEO;EXPORTAÇÃO;1057431,697;299867060
2005;FEV;PETRÓLEO;EXPORTAÇÃO;923937,9848;194290086
2005;JAN;PETRÓLEO;EXPORTAÇÃO;1253124,902;213392000
2005;JUL;PETRÓLEO;EXPORTAÇÃO;3532178,908;850080347
2005;JUN;PETRÓLEO;EXPORTAÇÃO;93868,35082;23922092
2005;MAI;PETRÓLEO;EXPORTAÇÃO;1279571,452;311845917
2005;MAR;PETRÓLEO;EXPORTAÇÃO;571269,8599;117354610
2005;NOV;PETRÓLEO;EXPORTAÇÃO;1563976,875;476863854
2005;OUT;PETRÓLEO;EXPORTAÇÃO;593248,4781;189924472
2005;SET;PETRÓLEO;EXPORTAÇÃO;1717040,302;560060719
2005;ABR;PETRÓLEO;IMPORTAÇÃO;1253909,496;405181619
2005;AGO;PETRÓLEO;IMPORTAÇÃO;2227633,61;870458829
2005;DEZ;PETRÓLEO;IMPORTAÇÃO;2067212,06;826272696
2005;FEV;PETRÓLEO;IMPORTAÇÃO;2354547,038;645668644
2005;JAN;PETRÓLEO;IMPORTAÇÃO;2074738,192;545066012
2005;JUL;PETRÓLEO;IMPORTAÇÃO;1792687,543;628159814
2005;JUN;PETRÓLEO;IMPORTAÇÃO;1282507,706;429885244
2005;MAI;PETRÓLEO;IMPORTAÇÃO;2484859,851;841942889
2005;MAR;PETRÓLEO;IMPORTAÇÃO;1766655,79;547541989
2005;NOV;PETRÓLEO;IMPORTAÇÃO;1850647,632;727727774
2005;OUT;PETRÓLEO;IMPORTAÇÃO;1535076,291;643372052
2005;SET;PETRÓLEO;IMPORTAÇÃO;1283664,961;537163205
2006;ABR;PETRÓLEO;EXPORTAÇÃO;1315794,929;402139078
2006;AGO;PETRÓLEO;EXPORTAÇÃO;1906646,851;725090370
2006;DEZ;PETRÓLEO;EXPORTAÇÃO;2594288,303;745331539
2006;FEV;PETRÓLEO;EXPORTAÇÃO;757099,8553;235088202
2006;JAN;PETRÓLEO;EXPORTAÇÃO;2645724,429;721417096
2006;JUL;PETRÓLEO;EXPORTAÇÃO;2374648,971;869938847
2006;JUN;PETRÓLEO;EXPORTAÇÃO;1236422,443;448002825
2006;MAI;PETRÓLEO;EXPORTAÇÃO;1114750,725;368935921
2006;MAR;PETRÓLEO;EXPORTAÇÃO;1166874,587;360583552
2006;NOV;PETRÓLEO;EXPORTAÇÃO;1887782,945;511483460
2006;OUT;PETRÓLEO;EXPORTAÇÃO;1704740,659;536180576
2006;SET;PETRÓLEO;EXPORTAÇÃO;2652932,182;970097246
2006;ABR;PETRÓLEO;IMPORTAÇÃO;1713594,453;723442757
2006;AGO;PETRÓLEO;IMPORTAÇÃO;2623888,965;1271029059
2006;DEZ;PETRÓLEO;IMPORTAÇÃO;873815,6313;334904856
2006;FEV;PETRÓLEO;IMPORTAÇÃO;1593435,498;611746491
2006;JAN;PETRÓLEO;IMPORTAÇÃO;1159936,392;461806420
2006;JUL;PETRÓLEO;IMPORTAÇÃO;1484157,25;689305175
2006;JUN;PETRÓLEO;IMPORTAÇÃO;1669938,328;783113799
2006;MAI;PETRÓLEO;IMPORTAÇÃO;1988829,264;889655485
2006;MAR;PETRÓLEO;IMPORTAÇÃO;2228251,38;901686256
2006;NOV;PETRÓLEO;IMPORTAÇÃO;2405519,63;1004485651
2006;OUT;PETRÓLEO;IMPORTAÇÃO;1797609,349;771930122
2006;SET;PETRÓLEO;IMPORTAÇÃO;1369143,4;644900149
2007;ABR;PETRÓLEO;EXPORTAÇÃO;2260141,543;695026639
2007;AGO;PETRÓLEO;EXPORTAÇÃO;2280964,383;874899327
2007;DEZ;PETRÓLEO;EXPORTAÇÃO;2722158,359;1346023676
2007;FEV;PETRÓLEO;EXPORTAÇÃO;1841972,34;484405508
2007;JAN;PETRÓLEO;EXPORTAÇÃO;2375267,124;708401020
2007;JUL;PETRÓLEO;EXPORTAÇÃO;1965175,441;702271728
2007;JUN;PETRÓLEO;EXPORTAÇÃO;1474994,756;488465839
2007;MAI;PETRÓLEO;EXPORTAÇÃO;1753458,071;570385642
2007;MAR;PETRÓLEO;EXPORTAÇÃO;1880798,67;542596040
2007;NOV;PETRÓLEO;EXPORTAÇÃO;1633206,874;755651537
2007;OUT;PETRÓLEO;EXPORTAÇÃO;2370797,831;1008655552
2007;SET;PETRÓLEO;EXPORTAÇÃO;1895253,899;728282955
2007;ABR;PETRÓLEO;IMPORTAÇÃO;1770476,762;741118050
2007;AGO;PETRÓLEO;IMPORTAÇÃO;1737637,4;848269267
2007;DEZ;PETRÓLEO;IMPORTAÇÃO;1976647,035;1197234885
2007;FEV;PETRÓLEO;IMPORTAÇÃO;1673133,601;644148803
2007;JAN;PETRÓLEO;IMPORTAÇÃO;2234933,634;914161052
2007;JUL;PETRÓLEO;IMPORTAÇÃO;2694782,249;1279594934
2007;JUN;PETRÓLEO;IMPORTAÇÃO;1626775,979;738921510
2007;MAI;PETRÓLEO;IMPORTAÇÃO;1970137,309;858937900
2007;MAR;PETRÓLEO;IMPORTAÇÃO;2501853,943;953878496
2007;NOV;PETRÓLEO;IMPORTAÇÃO;2227857,395;1307050922
2007;OUT;PETRÓLEO;IMPORTAÇÃO;2811274,779;1438669089
2007;SET;PETRÓLEO;IMPORTAÇÃO;2154152,981;1052030332
2008;ABR;PETRÓLEO;EXPORTAÇÃO;307365,3516;147273473
2008;AGO;PETRÓLEO;EXPORTAÇÃO;2688963,981;1950324900
2008;DEZ;PETRÓLEO;EXPORTAÇÃO;4055184,801;1166799569
2008;FEV;PETRÓLEO;EXPORTAÇÃO;1251104,869;607035185
2008;JAN;PETRÓLEO;EXPORTAÇÃO;1221416,922;615869133
2008;JUL;PETRÓLEO;EXPORTAÇÃO;1977527,791;1405623267
2008;JUN;PETRÓLEO;EXPORTAÇÃO;2584016,868;1799810490
2008;MAI;PETRÓLEO;EXPORTAÇÃO;3354216,258;1939748035
2008;MAR;PETRÓLEO;EXPORTAÇÃO;678752,0304;367863659
2008;NOV;PETRÓLEO;EXPORTAÇÃO;2858233,926;1125021707
2008;OUT;PETRÓLEO;EXPORTAÇÃO;2371801,061;1450355341
2008;SET;PETRÓLEO;EXPORTAÇÃO;1788926,615;1107032760
2008;ABR;PETRÓLEO;IMPORTAÇÃO;1637137,905;1145705946
2008;AGO;PETRÓLEO;IMPORTAÇÃO;2367298,467;2003484147
2008;DEZ;PETRÓLEO;IMPORTAÇÃO;2024250,201;794700155
2008;FEV;PETRÓLEO;IMPORTAÇÃO;1780871,422;1065393959
2008;JAN;PETRÓLEO;IMPORTAÇÃO;1568997,831;966387546
2008;JUL;PETRÓLEO;IMPORTAÇÃO;2317086,852;2056163188
2008;JUN;PETRÓLEO;IMPORTAÇÃO;2692026,841;2156138127
2008;MAI;PETRÓLEO;IMPORTAÇÃO;2467915,353;1786731744
2008;MAR;PETRÓLEO;IMPORTAÇÃO;1812964,245;1137076230
2008;NOV;PETRÓLEO;IMPORTAÇÃO;1201807,653;653372237
2008;OUT;PETRÓLEO;IMPORTAÇÃO;2117620,316;1457961178
2008;SET;PETRÓLEO;IMPORTAÇÃO;1734152,293;1349440124
2009;ABR;PETRÓLEO;EXPORTAÇÃO;2404857,512;487156593
2009;AGO;PETRÓLEO;EXPORTAÇÃO;3819313,539;1347738894
2009;DEZ;PETRÓLEO;EXPORTAÇÃO;2131495,253;943370723
2009;FEV;PETRÓLEO;EXPORTAÇÃO;2596698,818;504198570
2009;JAN;PETRÓLEO;EXPORTAÇÃO;1966594,408;343637965
2009;JUL;PETRÓLEO;EXPORTAÇÃO;3781408,304;1278703323
2009;JUN;PETRÓLEO;EXPORTAÇÃO;2034174,694;557516944
2009;MAI;PETRÓLEO;EXPORTAÇÃO;2606485,979;602785281
2009;MAR;PETRÓLEO;EXPORTAÇÃO;1774363,523;305990351
2009;NOV;PETRÓLEO;EXPORTAÇÃO;2602636,575;1064318139
2009;OUT;PETRÓLEO;EXPORTAÇÃO;3003245,876;1169958994
2009;SET;PETRÓLEO;EXPORTAÇÃO;1781780,774;765003495
2009;ABR;PETRÓLEO;IMPORTAÇÃO;1771244,138;562068211
2009;AGO;PETRÓLEO;IMPORTAÇÃO;1429010,557;650099374
2009;DEZ;PETRÓLEO;IMPORTAÇÃO;1927285,526;991708411
2009;FEV;PETRÓLEO;IMPORTAÇÃO;1917350,646;560935492
2009;JAN;PETRÓLEO;IMPORTAÇÃO;1716202,784;504513911
2009;JUL;PETRÓLEO;IMPORTAÇÃO;2102730,728;946402496
2009;JUN;PETRÓLEO;IMPORTAÇÃO;2022056,145;833892016
2009;MAI;PETRÓLEO;IMPORTAÇÃO;2159849,188;731851131
2009;MAR;PETRÓLEO;IMPORTAÇÃO;1748340,303;538287194
2009;NOV;PETRÓLEO;IMPORTAÇÃO;1674080,82;823071332
2009;OUT;PETRÓLEO;IMPORTAÇÃO;1901706,876;888941834
2009;SET;PETRÓLEO;IMPORTAÇÃO;2446901,465;1173716964
2010;ABR;PETRÓLEO;EXPORTAÇÃO;2865707,219;1313522809
2010;AGO;PETRÓLEO;EXPORTAÇÃO;3346050,786;1392656997
2010;DEZ;PETRÓLEO;EXPORTAÇÃO;6093020;2815505352
2010;FEV;PETRÓLEO;EXPORTAÇÃO;2817657;1233606769
2010;JAN;PETRÓLEO;EXPORTAÇÃO;2369114;1014449589
2010;JUL;PETRÓLEO;EXPORTAÇÃO;1673388,459;711758481
2010;JUN;PETRÓLEO;EXPORTAÇÃO;2787806,723;1194755082
2010;MAI;PETRÓLEO;EXPORTAÇÃO;3688684,755;1743693234
2010;MAR;PETRÓLEO;EXPORTAÇÃO;3514758,053;1524449171
2010;NOV;PETRÓLEO;EXPORTAÇÃO;2928768,672;1333048223
2010;OUT;PETRÓLEO;EXPORTAÇÃO;1622016,694;716646334
2010;SET;PETRÓLEO;EXPORTAÇÃO;2938267,171;1299147999
2010;ABR;PETRÓLEO;IMPORTAÇÃO;1904782,619;1007200490
2010;AGO;PETRÓLEO;IMPORTAÇÃO;1074402,723;561547215
2010;DEZ;PETRÓLEO;IMPORTAÇÃO;1404940,95;775761516
2010;FEV;PETRÓLEO;IMPORTAÇÃO;1769524;901503799
2010;JAN;PETRÓLEO;IMPORTAÇÃO;1270622;630485721
2010;JUL;PETRÓLEO;IMPORTAÇÃO;2361314,615;1117568866
2010;JUN;PETRÓLEO;IMPORTAÇÃO;1822318,38;939907378
2010;MAI;PETRÓLEO;IMPORTAÇÃO;1579962,094;848538859
2010;MAR;PETRÓLEO;IMPORTAÇÃO;1770272,154;874665254
2010;NOV;PETRÓLEO;IMPORTAÇÃO;1632526,067;874878727
2010;OUT;PETRÓLEO;IMPORTAÇÃO;1299304,254;675585348
2010;SET;PETRÓLEO;IMPORTAÇÃO;1768556,004;888895380
2011;ABR;PETRÓLEO;EXPORTAÇÃO;2469083,75;1536034093
2011;AGO;PETRÓLEO;EXPORTAÇÃO;3689321,763;2396571771
2011;DEZ;PETRÓLEO;EXPORTAÇÃO;3948660,25;2527356605
2011;FEV;PETRÓLEO;EXPORTAÇÃO;3146518;1677642545
2011;JAN;PETRÓLEO;EXPORTAÇÃO;2293445,203;1188396928
2011;JUL;PETRÓLEO;EXPORTAÇÃO;3156814;2023005424
2011;JUN;PETRÓLEO;EXPORTAÇÃO;2779990,397;1866824289
2011;MAI;PETRÓLEO;EXPORTAÇÃO;3951702,92;2693183311
2011;MAR;PETRÓLEO;EXPORTAÇÃO;2094252;1143710739
2011;NOV;PETRÓLEO;EXPORTAÇÃO;2400644;1522505197
2011;OUT;PETRÓLEO;EXPORTAÇÃO;2750126;1750551624
2011;SET;PETRÓLEO;EXPORTAÇÃO;2399722,973;1459662419
2011;ABR;PETRÓLEO;IMPORTAÇÃO;2164833;1634152678
2011;AGO;PETRÓLEO;IMPORTAÇÃO;1416876,202;1058322410
2011;DEZ;PETRÓLEO;IMPORTAÇÃO;1260591,85;932238300
2011;FEV;PETRÓLEO;IMPORTAÇÃO;1861389,765;1150523952
2011;JAN;PETRÓLEO;IMPORTAÇÃO;1023328,411;640508832
2011;JUL;PETRÓLEO;IMPORTAÇÃO;1026035;801771994
2011;JUN;PETRÓLEO;IMPORTAÇÃO;1683584;1321038591
2011;MAI;PETRÓLEO;IMPORTAÇÃO;1828406;1460130768
2011;MAR;PETRÓLEO;IMPORTAÇÃO;1867903,484;1335650071
2011;NOV;PETRÓLEO;IMPORTAÇÃO;1775224;1335371101
2011;OUT;PETRÓLEO;IMPORTAÇÃO;1931387;1392620668
2011;SET;PETRÓLEO;IMPORTAÇÃO;1441261;1089476664
2012;ABR;PETRÓLEO;EXPORTAÇÃO;3156675,021;2250979426
2012;AGO;PETRÓLEO;EXPORTAÇÃO;4001876,332;2334210463
2012;DEZ;PETRÓLEO;EXPORTAÇÃO;3674111,834;2311014633
2012;FEV;PETRÓLEO;EXPORTAÇÃO;2632470,687;1682153949
2012;JAN;PETRÓLEO;EXPORTAÇÃO;2438161,834;1553983918
2012;JUL;PETRÓLEO;EXPORTAÇÃO;2334936,835;1348032731
2012;JUN;PETRÓLEO;EXPORTAÇÃO;1667295,976;1065155301
2012;MAI;PETRÓLEO;EXPORTAÇÃO;2569591,008;1779810230
2012;MAR;PETRÓLEO;EXPORTAÇÃO;3205606,444;2115644731
2012;NOV;PETRÓLEO;EXPORTAÇÃO;2456275,182;1573939101
2012;OUT;PETRÓLEO;EXPORTAÇÃO;1283882,973;794288048
2012;SET;PETRÓLEO;EXPORTAÇÃO;2460466,516;1496664060
2012;ABR;PETRÓLEO;IMPORTAÇÃO;2020591,262;1643874628
2012;AGO;PETRÓLEO;IMPORTAÇÃO;679917,1996;462050429
2012;DEZ;PETRÓLEO;IMPORTAÇÃO;1696042,047;1263639770
2012;FEV;PETRÓLEO;IMPORTAÇÃO;962404,8743;730127399
2012;JAN;PETRÓLEO;IMPORTAÇÃO;1502685;1118909736
2012;JUL;PETRÓLEO;IMPORTAÇÃO;1869553,11;1235122745
2012;JUN;PETRÓLEO;IMPORTAÇÃO;2265191,822;1664015742
2012;MAI;PETRÓLEO;IMPORTAÇÃO;1551755,824;1225097942
2012;MAR;PETRÓLEO;IMPORTAÇÃO;1369698,759;1122551552
2012;NOV;PETRÓLEO;IMPORTAÇÃO;2193487,533;1567014194
2012;OUT;PETRÓLEO;IMPORTAÇÃO;567239,9476;418055242
2012;SET;PETRÓLEO;IMPORTAÇÃO;1437658,551;998017992
2013;ABR;PETRÓLEO;EXPORTAÇÃO;1133544,736;675674329
2013;AGO;PETRÓLEO;EXPORTAÇÃO;1879212,81;1088002165
2013;DEZ;PETRÓLEO;EXPORTAÇÃO;3069962,243;1770642759
2013;FEV;PETRÓLEO;EXPORTAÇÃO;1717736,893;1032218102
2013;JAN;PETRÓLEO;EXPORTAÇÃO;818687,4823;473625468
2013;JUL;PETRÓLEO;EXPORTAÇÃO;1292904,449;692158186
2013;JUN;PETRÓLEO;EXPORTAÇÃO;1293103,038;728293100
2013;MAI;PETRÓLEO;EXPORTAÇÃO;1943946,581;1096945579
2013;MAR;PETRÓLEO;EXPORTAÇÃO;2043853,183;1290209733
2013;NOV;PETRÓLEO;EXPORTAÇÃO;2684151,88;1574214894
2013;OUT;PETRÓLEO;EXPORTAÇÃO;1647705,056;980878038
2013;SET;PETRÓLEO;EXPORTAÇÃO;2570836,643;1553745089
2013;ABR;PETRÓLEO;IMPORTAÇÃO;1828551,873;1406353586
2013;AGO;PETRÓLEO;IMPORTAÇÃO;992555,3183;708375962
2013;DEZ;PETRÓLEO;IMPORTAÇÃO;1850061,837;1384731474
2013;FEV;PETRÓLEO;IMPORTAÇÃO;1520363,184;1122987868
2013;JAN;PETRÓLEO;IMPORTAÇÃO;1698149,675;1220020142
2013;JUL;PETRÓLEO;IMPORTAÇÃO;4502092,937;3144117294
2013;JUN;PETRÓLEO;IMPORTAÇÃO;1393646,111;971222564
2013;MAI;PETRÓLEO;IMPORTAÇÃO;2380842,646;1439387300
2013;MAR;PETRÓLEO;IMPORTAÇÃO;1696638,945;1267772303
2013;NOV;PETRÓLEO;IMPORTAÇÃO;1373961,276;988490968
2013;OUT;PETRÓLEO;IMPORTAÇÃO;3060027,055;1925983963
2013;SET;PETRÓLEO;IMPORTAÇÃO;1207536,087;883859473
2014;ABR;PETRÓLEO;EXPORTAÇÃO;1811362,118;1078398533
2014;AGO;PETRÓLEO;EXPORTAÇÃO;2581866,222;1488898574
2014;DEZ;PETRÓLEO;EXPORTAÇÃO;3559645,512;1446464989
2014;FEV;PETRÓLEO;EXPORTAÇÃO;1467415,183;795771598
2014;JAN;PETRÓLEO;EXPORTAÇÃO;1897045,292;1111427967
2014;JUL;PETRÓLEO;EXPORTAÇÃO;4356290,733;2602565612
2014;JUN;PETRÓLEO;EXPORTAÇÃO;2424855,312;1417716022
2014;MAI;PETRÓLEO;EXPORTAÇÃO;2501574,21;1435617332
2014;MAR;PETRÓLEO;EXPORTAÇÃO;1687991,313;975553711
2014;NOV;PETRÓLEO;EXPORTAÇÃO;2928139,611;1376055404
2014;OUT;PETRÓLEO;EXPORTAÇÃO;2496706,647;1301079260
2014;SET;PETRÓLEO;EXPORTAÇÃO;2399525,337;1327190582
2014;ABR;PETRÓLEO;IMPORTAÇÃO;1791902,745;1261020979
2014;AGO;PETRÓLEO;IMPORTAÇÃO;1577758,329;1152543880
2014;DEZ;PETRÓLEO;IMPORTAÇÃO;2213379,939;1285964678
2014;FEV;PETRÓLEO;IMPORTAÇÃO;2177695,181;1616699049
2014;JAN;PETRÓLEO;IMPORTAÇÃO;1571408,989;1098324319
2014;JUL;PETRÓLEO;IMPORTAÇÃO;2643681,424;1892551873
2014;JUN;PETRÓLEO;IMPORTAÇÃO;1942532,484;1366113327
2014;MAI;PETRÓLEO;IMPORTAÇÃO;1505718,4;1096436445
2014;MAR;PETRÓLEO;IMPORTAÇÃO;1103637,679;809150401
2014;NOV;PETRÓLEO;IMPORTAÇÃO;2069969,775;1291663525
2014;OUT;PETRÓLEO;IMPORTAÇÃO;1482235,039;972343916
2014;SET;PETRÓLEO;IMPORTAÇÃO;2838399,749;2031123080
2015;ABR;PETRÓLEO;EXPORTAÇÃO;3866146,984;1088393159
2015;AGO;PETRÓLEO;EXPORTAÇÃO;4032912,784;1132640741
2015;DEZ;PETRÓLEO;EXPORTAÇÃO;4143389,235;876172681
2015;FEV;PETRÓLEO;EXPORTAÇÃO;2765310,457;676721007
2015;JAN;PETRÓLEO;EXPORTAÇÃO;3732468,319;1188709955
2015;JUL;PETRÓLEO;EXPORTAÇÃO;3129111,482;1001821787
2015;JUN;PETRÓLEO;EXPORTAÇÃO;4414593,771;1445919594
2015;MAI;PETRÓLEO;EXPORTAÇÃO;3732575,904;1149737010
2015;MAR;PETRÓLEO;EXPORTAÇÃO;2989342,215;849856388
2015;NOV;PETRÓLEO;EXPORTAÇÃO;2759678,949;671700966
2015;OUT;PETRÓLEO;EXPORTAÇÃO;3955529,446;911490679
2015;SET;PETRÓLEO;EXPORTAÇÃO;3232281,27;788144333
2015;ABR;PETRÓLEO;IMPORTAÇÃO;933809,3781;357677096
2015;AGO;PETRÓLEO;IMPORTAÇÃO;1256352,646;523967695
2015;DEZ;PETRÓLEO;IMPORTAÇÃO;1825972,265;568353116
2015;FEV;PETRÓLEO;IMPORTAÇÃO;1959466,469;893358086
2015;JAN;PETRÓLEO;IMPORTAÇÃO;346853,4006;189920026
2015;JUL;PETRÓLEO;IMPORTAÇÃO;1314885,047;545401463
2015;JUN;PETRÓLEO;IMPORTAÇÃO;1852745,795;745218754
2015;MAI;PETRÓLEO;IMPORTAÇÃO;1095512,976;399557874
2015;MAR;PETRÓLEO;IMPORTAÇÃO;1379517,896;544153025
2015;NOV;PETRÓLEO;IMPORTAÇÃO;2092114,672;680414674
2015;OUT;PETRÓLEO;IMPORTAÇÃO;3242332,237;1344407130
2015;SET;PETRÓLEO;IMPORTAÇÃO;1506401,488;588415321
2016;ABR;PETRÓLEO;EXPORTAÇÃO;3926964,754;700856490
2016;AGO;PETRÓLEO;EXPORTAÇÃO;4453150,127;1068827024
2016;DEZ;PETRÓLEO;EXPORTAÇÃO;2923629,484;689946446
2016;FEV;PETRÓLEO;EXPORTAÇÃO;3566611,7;512908285
2016;JAN;PETRÓLEO;EXPORTAÇÃO;4366319,81;811488525
2016;JUL;PETRÓLEO;EXPORTAÇÃO;3634996,207;906794823
2016;JUN;PETRÓLEO;EXPORTAÇÃO;4129295,378;966238279
2016;MAI;PETRÓLEO;EXPORTAÇÃO;2614051,105;532942269
2016;MAR;PETRÓLEO;EXPORTAÇÃO;3365326,294;510255830
2016;NOV;PETRÓLEO;EXPORTAÇÃO;4322695,587;1161048155
2016;OUT;PETRÓLEO;EXPORTAÇÃO;4435660,357;1110381320
2016;SET;PETRÓLEO;EXPORTAÇÃO;4583385,238;1102109822
2016;ABR;PETRÓLEO;IMPORTAÇÃO;727263,9672;192239757
2016;AGO;PETRÓLEO;IMPORTAÇÃO;566044,2364;175033942
2016;DEZ;PETRÓLEO;IMPORTAÇÃO;483383,9842;170159981
2016;FEV;PETRÓLEO;IMPORTAÇÃO;1434966,971;375823862
2016;JAN;PETRÓLEO;IMPORTAÇÃO;817938,9625;232367531
2016;JUL;PETRÓLEO;IMPORTAÇÃO;650665,9141;210825086
2016;JUN;PETRÓLEO;IMPORTAÇÃO;1232932,201;353547766
2016;MAI;PETRÓLEO;IMPORTAÇÃO;987187,2867;228591881
2016;MAR;PETRÓLEO;IMPORTAÇÃO;1126892,493;277105349
2016;NOV;PETRÓLEO;IMPORTAÇÃO;816825,7947;228239833
2016;OUT;PETRÓLEO;IMPORTAÇÃO;772188,7311;234539871
2016;SET;PETRÓLEO;IMPORTAÇÃO;746323,7706;220380927
2017;ABR;PETRÓLEO;EXPORTAÇÃO;3521437,713;1000108139
2017;AGO;PETRÓLEO;EXPORTAÇÃO;5093140,381;1346375840
2017;DEZ;PETRÓLEO;EXPORTAÇÃO;3371316,697;1174849249
2017;FEV;PETRÓLEO;EXPORTAÇÃO;6928600,475;2072786736
2017;JAN;PETRÓLEO;EXPORTAÇÃO;6194334,859;1764351878
2017;JUL;PETRÓLEO;EXPORTAÇÃO;5989820,497;1559444323
2017;JUN;PETRÓLEO;EXPORTAÇÃO;6893917,306;1974958222
2017;MAI;PETRÓLEO;EXPORTAÇÃO;3928539,789;1084204184
2017;MAR;PETRÓLEO;EXPORTAÇÃO;4454891,618;1311569791
2017;NOV;PETRÓLEO;EXPORTAÇÃO;2812291,326;877012428
2017;OUT;PETRÓLEO;EXPORTAÇÃO;4228830,353;1234825486
2017;SET;PETRÓLEO;EXPORTAÇÃO;4414123,593;1224510539
2017;ABR;PETRÓLEO;IMPORTAÇÃO;599975,1321;217237751
2017;AGO;PETRÓLEO;IMPORTAÇÃO;644490,2947;195107993
2017;DEZ;PETRÓLEO;IMPORTAÇÃO;652333,4105;271399262
2017;FEV;PETRÓLEO;IMPORTAÇÃO;979391,9097;309412221
2017;JAN;PETRÓLEO;IMPORTAÇÃO;397565,3473;118307174
2017;JUL;PETRÓLEO;IMPORTAÇÃO;1079257,881;358275935
2017;JUN;PETRÓLEO;IMPORTAÇÃO;927099,0978;312469853
2017;MAI;PETRÓLEO;IMPORTAÇÃO;848567,2182;284433855
2017;MAR;PETRÓLEO;IMPORTAÇÃO;217102,4763;86620514
2017;NOV;PETRÓLEO;IMPORTAÇÃO;863962,649;314147839
2017;OUT;PETRÓLEO;IMPORTAÇÃO;917299,9591;328329584
2017;SET;PETRÓLEO;IMPORTAÇÃO;533816,4271;171212195
2018;ABR;PETRÓLEO;EXPORTAÇÃO;5088890,706;1866533334
2018;AGO;PETRÓLEO;EXPORTAÇÃO;4704572,435;1992925456
2018;DEZ;PETRÓLEO;EXPORTAÇÃO;5258798,523;1719666531
2018;FEV;PETRÓLEO;EXPORTAÇÃO;4046335,288;1526352825
2018;JAN;PETRÓLEO;EXPORTAÇÃO;6117841,852;2097812220
2018;JUL;PETRÓLEO;EXPORTAÇÃO;9012651,246;3465354755
2018;JUN;PETRÓLEO;EXPORTAÇÃO;3181470,752;1225136635
2018;MAI;PETRÓLEO;EXPORTAÇÃO;4210360,308;1659626149
2018;MAR;PETRÓLEO;EXPORTAÇÃO;4612640,497;1697297641
2018;NOV;PETRÓLEO;EXPORTAÇÃO;5087989,475;2112114191
2018;OUT;PETRÓLEO;EXPORTAÇÃO;7530963,965;3113372773
2018;SET;PETRÓLEO;EXPORTAÇÃO;6333800,637;2620580793
2018;ABR;PETRÓLEO;IMPORTAÇÃO;347136,3495;151366313
2018;AGO;PETRÓLEO;IMPORTAÇÃO;1533654,094;727748775
2018;DEZ;PETRÓLEO;IMPORTAÇÃO;968834,8946;481875015
2018;FEV;PETRÓLEO;IMPORTAÇÃO;905373,6082;386091562
2018;JAN;PETRÓLEO;IMPORTAÇÃO;928042,7278;343679066
2018;JUL;PETRÓLEO;IMPORTAÇÃO;635280,4854;320632360
2018;JUN;PETRÓLEO;IMPORTAÇÃO;826599,1154;418800720
2018;MAI;PETRÓLEO;IMPORTAÇÃO;758314,6754;335148290
2018;MAR;PETRÓLEO;IMPORTAÇÃO;1065877,586;455994145
2018;NOV;PETRÓLEO;IMPORTAÇÃO;360697,893;198898243
2018;OUT;PETRÓLEO;IMPORTAÇÃO;1687504,554;830192299
2018;SET;PETRÓLEO;IMPORTAÇÃO;787649,4367;392074439
2019;ABR;PETRÓLEO;EXPORTAÇÃO;7653496,376;2972157607
2019;AGO;PETRÓLEO;EXPORTAÇÃO;5310990,361;1883137326
2019;DEZ;PETRÓLEO;EXPORTAÇÃO;9705514,214;2719673183
2019;FEV;PETRÓLEO;EXPORTAÇÃO;4535468,119;1596785188
2019;JAN;PETRÓLEO;EXPORTAÇÃO;5543138,437;2028953419
2019;JUL;PETRÓLEO;EXPORTAÇÃO;4229438,764;1581879483
2019;JUN;PETRÓLEO;EXPORTAÇÃO;4027529,327;1580083573
2019;MAI;PETRÓLEO;EXPORTAÇÃO;5376136,232;2161957499
2019;MAR;PETRÓLEO;EXPORTAÇÃO;5441944,563;1995565620
2019;NOV;PETRÓLEO;EXPORTAÇÃO;4191961,349;1361476162
2019;OUT;PETRÓLEO;EXPORTAÇÃO;5861484,062;2027454116
2019;SET;PETRÓLEO;EXPORTAÇÃO;6157725,748;2093208676
2019;ABR;PETRÓLEO;IMPORTAÇÃO;525376,4841;234675439
2019;AGO;PETRÓLEO;IMPORTAÇÃO;546062,448;228354217
2019;DEZ;PETRÓLEO;IMPORTAÇÃO;1163044,303;482245846
2019;FEV;PETRÓLEO;IMPORTAÇÃO;619854,6113;247022286
2019;JAN;PETRÓLEO;IMPORTAÇÃO;816655,6748;379404133
2019;JUL;PETRÓLEO;IMPORTAÇÃO;1431950,921;632130643
2019;JUN;PETRÓLEO;IMPORTAÇÃO;1165653,596;528019891
2019;MAI;PETRÓLEO;IMPORTAÇÃO;1111798,586;494730549
2019;MAR;PETRÓLEO;IMPORTAÇÃO;1256002,351;476876145
2019;NOV;PETRÓLEO;IMPORTAÇÃO;998333,9609;384278635
2019;OUT;PETRÓLEO;IMPORTAÇÃO;472774,0721;197377025
2019;SET;PETRÓLEO;IMPORTAÇÃO;875899,6646;366526669
2020;ABR;PETRÓLEO;EXPORTAÇÃO;7516539,165;1817132843
2020;AGO;PETRÓLEO;EXPORTAÇÃO;5975566,001;1496515261
2020;DEZ;PETRÓLEO;EXPORTAÇÃO;6002803,694;1588726881
2020;FEV;PETRÓLEO;EXPORTAÇÃO;6683196,876;2316023766
2020;JAN;PETRÓLEO;EXPORTAÇÃO;4797621,367;1707992442
2020;JUL;PETRÓLEO;EXPORTAÇÃO;8857395,067;1928276220
2020;JUN;PETRÓLEO;EXPORTAÇÃO;6191054,238;1156303100
2020;MAI;PETRÓLEO;EXPORTAÇÃO;9382939,801;1386002196
2020;MAR;PETRÓLEO;EXPORTAÇÃO;7252177,643;2023525034
2020;NOV;PETRÓLEO;EXPORTAÇÃO;5993049,75;1459084689
2020;OUT;PETRÓLEO;EXPORTAÇÃO;5193908,548;1262950878
2020;SET;PETRÓLEO;EXPORTAÇÃO;5710505,002;1471324597
2020;ABR;PETRÓLEO;IMPORTAÇÃO;851060,2871;340394731
2020;AGO;PETRÓLEO;IMPORTAÇÃO;333562,5576;86395749
2020;DEZ;PETRÓLEO;IMPORTAÇÃO;535096,4306;145230711
2020;FEV;PETRÓLEO;IMPORTAÇÃO;810705,6;333210946
2020;JAN;PETRÓLEO;IMPORTAÇÃO;508576,8341;207990370
2020;JUL;PETRÓLEO;IMPORTAÇÃO;654205,6424;259549171
2020;JUN;PETRÓLEO;IMPORTAÇÃO;1649147,353;485468302
2020;MAI;PETRÓLEO;IMPORTAÇÃO;293178,1247;77926222
2020;MAR;PETRÓLEO;IMPORTAÇÃO;781466,1165;301306165
2020;NOV;PETRÓLEO;IMPORTAÇÃO;737467,1894;190356078
2020;OUT;PETRÓLEO;IMPORTAÇÃO;353987,8953;98413669
2020;SET;PETRÓLEO;IMPORTAÇÃO;302422,1329;87489455
2021;ABR;PETRÓLEO;EXPORTAÇÃO;7355438,584;2826701536
2021;AGO;PETRÓLEO;EXPORTAÇÃO;7707015,75;3204026884
2021;DEZ;PETRÓLEO;EXPORTAÇÃO;6718050,799;3006933933
2021;FEV;PETRÓLEO;EXPORTAÇÃO;5618996,133;1877907033
2021;JAN;PETRÓLEO;EXPORTAÇÃO;5527369,74;1591315839
2021;JUL;PETRÓLEO;EXPORTAÇÃO;4782734,682;2058804985
2021;JUN;PETRÓLEO;EXPORTAÇÃO;9243048,068;3743887034
2021;MAI;PETRÓLEO;EXPORTAÇÃO;5764589,241;2230682322
2021;MAR;PETRÓLEO;EXPORTAÇÃO;7301429,29;2661483504
2021;NOV;PETRÓLEO;EXPORTAÇÃO;4117719,632;1934787403
2021;OUT;PETRÓLEO;EXPORTAÇÃO;6647774,506;2985889023
2021;SET;PETRÓLEO;EXPORTAÇÃO;5994072,501;2486562157
2021;ABR;PETRÓLEO;IMPORTAÇÃO;1123810,065;424160511
2021;AGO;PETRÓLEO;IMPORTAÇÃO;526463,5612;277679781
2021;DEZ;PETRÓLEO;IMPORTAÇÃO;597140,5894;301356337
2021;FEV;PETRÓLEO;IMPORTAÇÃO;700485,7247;217992635
2021;JAN;PETRÓLEO;IMPORTAÇÃO;225466,6812;96760569
2021;JUL;PETRÓLEO;IMPORTAÇÃO;1434531,355;618138825
2021;JUN;PETRÓLEO;IMPORTAÇÃO;814959,5706;318442506
2021;MAI;PETRÓLEO;IMPORTAÇÃO;1293626,945;494418836
2021;MAR;PETRÓLEO;IMPORTAÇÃO;641554,8859;247178152
2021;NOV;PETRÓLEO;IMPORTAÇÃO;757670,1035;367436479
2021;OUT;PETRÓLEO;IMPORTAÇÃO;614189,3518;276011205
2021;SET;PETRÓLEO;IMPORTAÇÃO;740044,9718;355679818
2022;ABR;PETRÓLEO;EXPORTAÇÃO;5053338,635;3021133133
2022;AGO;PETRÓLEO;EXPORTAÇÃO;6626203,272;3928197090
2022;DEZ;PETRÓLEO;EXPORTAÇÃO;9483963,892;4507383475
2022;FEV;PETRÓLEO;EXPORTAÇÃO;7356855,233;3938875347
2022;JAN;PETRÓLEO;EXPORTAÇÃO;4764135,488;2151151388
2022;JUL;PETRÓLEO;EXPORTAÇÃO;5416851,62;3465105228
2022;JUN;PETRÓLEO;EXPORTAÇÃO;6446306,202;3971869769
2022;MAI;PETRÓLEO;EXPORTAÇÃO;5037222,707;3097566778
2022;MAR;PETRÓLEO;EXPORTAÇÃO;6063586,297;3479507047
2022;NOV;PETRÓLEO;EXPORTAÇÃO;9329301,166;4569070822
2022;OUT;PETRÓLEO;EXPORTAÇÃO;6008856,739;2959747613
2022;SET;PETRÓLEO;EXPORTAÇÃO;6504997,79;3464156399
2022;ABR;PETRÓLEO;IMPORTAÇÃO;823383,9341;611789336
2022;AGO;PETRÓLEO;IMPORTAÇÃO;1134575,926;795493494
2022;DEZ;PETRÓLEO;IMPORTAÇÃO;2049666,419;1191903365
2022;FEV;PETRÓLEO;IMPORTAÇÃO;920428,98;482247666
2022;JAN;PETRÓLEO;IMPORTAÇÃO;1031858,447;536856773
2022;JUL;PETRÓLEO;IMPORTAÇÃO;1095471,149;771529207
2022;JUN;PETRÓLEO;IMPORTAÇÃO;1329164,024;899636765
2022;MAI;PETRÓLEO;IMPORTAÇÃO;1039216,208;732948917
2022;MAR;PETRÓLEO;IMPORTAÇÃO;1372892,289;762338310
2022;NOV;PETRÓLEO;IMPORTAÇÃO;1663696,404;970883023
2022;OUT;PETRÓLEO;IMPORTAÇÃO;1850988,567;1115473935
2022;SET;PETRÓLEO;IMPORTAÇÃO;1630029,82;1043765015
2023;FEV;PETRÓLEO;EXPORTAÇÃO;2872573,62;1199498348
2023;JAN;PETRÓLEO;EXPORTAÇÃO;7183410,07;3146824339
2023;FEV;PETRÓLEO;IMPORTAÇÃO;1415933,786;744182755
2023;JAN;PETRÓLEO;IMPORTAÇÃO;1785377,756;1013577742
